{"cameraMode":{"drawMode":0,"name":"Shaded","section":"Shading Mode"},"sceneLighting":true,"audioPlay":false,"sceneViewState":{"showFog":true,"showMaterialUpdate":false,"showSkybox":true,"showFlares":true,"showImageEffects":true,"showParticleSystems":true},"in2DMode":false,"pivot":{"x":-0.5204734802246094,"y":0.44912290573120119,"z":3.043516159057617},"rotation":{"x":0.08596551418304444,"y":0.9100597500801086,"z":-0.2386889010667801,"w":0.3277633488178253},"size":4.657884120941162,"orthographic":false}